<?xml version="1.0" encoding="UTF-8"?>
<!DOCTYPE hibernate-configuration PUBLIC
"-//Hibernate/Hibernate Configuration DTD 3.0//EN"
"http://www.hibernate.org/dtd/hibernate-configuration-3.0.dtd">

<hibernate-configuration>
	<session-factory>
		<!-- <property name="connection.driver_class">com.mysql.jdbc.Driver</property> -->
		<property name="connection.url">jdbc:mysql://localhost:3306/annotations_base</property>
		<property name="connection.user">root</property>
		<property name="connection.password">root</property>
		<property name="dialect">org.hibernate.dialect.MySQLDialect</property>
		<property name="show_sql">true</property>
		<property name="hbm2ddl.auto">create</property>  <!--To alter table-->
		<mapping class="One_to_one_Save.Student" />
        <mapping class="One_to_one_Save.Address" />
	</session-factory>
</hibernate-configuration>